{
  "inkPrices": {
    "Đen": 700.8,
    "Trắng": 1284.8
  },
  "printColors": {
    "1 màu: 1 mặt": {
      "printFee": 45000,
      "colorCount": 1,
      "plateFactor": 3.006253006253006,
      "inkFactor": 0.011194029850746268
    },
    "2 màu: 2 màu mặt trước": {
      "printFee": 65000,
      "colorCount": 2,
      "plateFactor": 6.012506012506012,
      "inkFactor": 0.022388059701492536
    },
    "2 màu: 1 mặt trước + 1 mặt sau": {
      "printFee": 65000,
      "colorCount": 2,
      "plateFactor": 6.012506012506012,
      "inkFactor": 0.022388059701492536
    },
    "3 màu: 3 màu mặt trước": {
      "printFee": 65000,
      "colorCount": 3,
      "plateFactor": 9.018759018759019,
      "inkFactor": 0.033582089552238806
    },
    "3 màu: 2 màu mặt trước + 1 màu mặt sau": {
      "printFee": 65000,
      "colorCount": 3,
      "plateFactor": 9.018759018759019,
      "inkFactor": 0.033582089552238806
    },
    "4 màu: 3 màu mặt trước + 1 màu mặt sau": {
      "printFee": 80000,
      "colorCount": 4,
      "plateFactor": 12.025012025012025,
      "inkFactor": 0.04477611940298507
    }
  },
  "flexoMaterialWidthsCm": [
    1,
    1.3,
    1.6,
    1.9,
    2,
    2.5,
    3,
    3.2,
    3.5,
    3.8,
    4,
    4.5,
    5,
    6.4,
    7.5,
    10
  ],
  "flexoMaterialRollPrices": {
    "CB480 (Trắng)": [
      52000,
      68000,
      83000,
      98800,
      104000,
      130000,
      156000,
      166400,
      182000,
      197600,
      208000,
      234000,
      265000,
      null,
      null,
      null
    ],
    "CH480 (Trắng ngà)": [
      52000,
      68000,
      83000,
      98800,
      104000,
      130000,
      156000,
      166400,
      182000,
      197600,
      208000,
      234000,
      265000,
      null,
      null,
      null
    ],
    "CM019 (Vàng kem)": [
      52000,
      68000,
      83000,
      98800,
      104000,
      130000,
      156000,
      166400,
      182000,
      197600,
      208000,
      234000,
      265000,
      null,
      null,
      null
    ],
    "PS009 (Trắng)": [
      35000,
      46000,
      55600,
      66100,
      69600,
      87000,
      104400,
      111300,
      121800,
      132200,
      139200,
      156600,
      null,
      null,
      null,
      null
    ],
    "PS009 Black(đen)": [
      38000,
      50000,
      60800,
      72200,
      76000,
      95000,
      114000,
      121600,
      133000,
      144400,
      152000,
      171000,
      null,
      null,
      null,
      null
    ],
    "A01 (Vàng)": [
      48000,
      63000,
      76800,
      91200,
      96000,
      120000,
      144000,
      153600,
      168000,
      182400,
      192000,
      216000,
      null,
      null,
      null,
      null
    ],
    "A02 (Kem)": [
      48000,
      63000,
      76800,
      91200,
      96000,
      120000,
      144000,
      153600,
      168000,
      182400,
      192000,
      216000,
      null,
      null,
      null,
      null
    ],
    "PS010 (Trắng)": [
      38000,
      49000,
      60100,
      71400,
      75200,
      94000,
      112800,
      120300,
      131600,
      142800,
      150400,
      169200,
      null,
      null,
      null,
      null
    ],
    "PS010 (Đen)": [
      46000,
      59000,
      72300,
      85800,
      90400,
      113000,
      135600,
      144600,
      158200,
      171700,
      180800,
      203400,
      null,
      null,
      null,
      null
    ],
    "PS001 Không biên bóng 1 mặt": [
      18000,
      23000,
      27900,
      33100,
      34800,
      43500,
      52200,
      55700,
      60900,
      66200,
      69600,
      78300,
      87000,
      null,
      null,
      null
    ],
    "PS008 không biên bóng 2 mặt": [
      32000,
      42000,
      50600,
      60100,
      63200,
      79000,
      94800,
      101200,
      110600,
      120100,
      126400,
      142200,
      158000,
      null,
      null,
      null
    ],
    "NT002": [
      12000,
      15000,
      18600,
      22000,
      23200,
      29000,
      34800,
      37200,
      40600,
      44100,
      46400,
      52200,
      58000,
      74300,
      87000,
      116000
    ],
    "NT003": [
      16000,
      20000,
      24400,
      28900,
      30400,
      38000,
      45600,
      48700,
      53200,
      57800,
      60800,
      68400,
      76000,
      97300,
      114000,
      152000
    ],
    "NT004": [
      34000,
      44000,
      53200,
      63100,
      66400,
      83000,
      99600,
      106300,
      116200,
      126200,
      132800,
      149400,
      166000,
      212500,
      249000,
      332000
    ]
  },
  "ribbonMaterialWidthsCm": [
    1,
    1.6,
    2
  ],
  "ribbonMaterialRollPrices": {
    "Ribbon": [
      96000,
      108000,
      120000
    ],
    "PS009 (Trắng)": [
      35000,
      55600,
      69600
    ],
    "PS009 Black(đen)": [
      38000,
      60800,
      76000
    ],
    "A01 (Vàng)": [
      48000,
      76800,
      96000
    ],
    "A02 (Kem)": [
      48000,
      76800,
      96000
    ],
    "PS010 (Trắng)": [
      38000,
      60100,
      75200
    ],
    "PS010 (Đen)": [
      46000,
      72300,
      90400
    ],
    "PS001 Không biên bóng 1 mặt": [
      18000,
      27900,
      34800
    ],
    "PS008 không biên bóng 2 mặt": [
      32000,
      50600,
      63200
    ],
    "NT002": [
      12000,
      18600,
      23200
    ],
    "NT003": [
      16000,
      24400,
      30400
    ],
    "NT004": [
      34000,
      53200,
      66400
    ]
  },
  "flexoQuantityCoefficients": [
    {
      "label": "G3<=3.000",
      "min": 0,
      "max": 3000,
      "ST": 0.51,
      "CT": 0.468,
      "VG": 0.55,
      "RIBBON": 0.55
    },
    {
      "label": "3.000<G3<=5.000",
      "min": 3000,
      "max": 5000,
      "ST": 0.495,
      "CT": 0.46,
      "VG": 0.55,
      "RIBBON": 0.5
    },
    {
      "label": "5.000<G3<=10.000",
      "min": 5000,
      "max": 10000,
      "ST": 0.475,
      "CT": 0.42,
      "VG": 0.55,
      "RIBBON": 0.45
    },
    {
      "label": "10.000<G3<=20.000",
      "min": 10000,
      "max": 20000,
      "ST": 0.42,
      "CT": 0.38,
      "VG": 0.52,
      "RIBBON": 0.4
    },
    {
      "label": "20.000<G3<=50.000",
      "min": 20000,
      "max": 50000,
      "ST": 0.35,
      "CT": 0.32,
      "VG": 0.52,
      "RIBBON": 0.38
    },
    {
      "label": "50.000<G3<=100.000",
      "min": 50000,
      "max": 100000,
      "ST": 0.3,
      "CT": 0.28,
      "VG": 0.5,
      "RIBBON": 0.35
    },
    {
      "label": "100.000<G3<=200.000",
      "min": 100000,
      "max": 200000,
      "ST": 0.25,
      "CT": 0.25,
      "VG": 0.45,
      "RIBBON": 0.32
    },
    {
      "label": "200.000<G3<=500.000",
      "min": 200000,
      "max": 500000,
      "ST": 0.22,
      "CT": 0.2,
      "VG": 0.4,
      "RIBBON": 0.3
    }
  ],
  "ribbonQuantityCoefficients": [
    {
      "label": "G3<=100",
      "min": 0,
      "max": 100,
      "coef": 0.55
    },
    {
      "label": "100<G3<=500",
      "min": 100,
      "max": 500,
      "coef": 0.5
    },
    {
      "label": "500<G3<=1.000",
      "min": 500,
      "max": 1000,
      "coef": 0.45
    },
    {
      "label": "1.000<G3<=2.000",
      "min": 1000,
      "max": 2000,
      "coef": 0.4
    },
    {
      "label": "2.000<G3<=5.000",
      "min": 2000,
      "max": 5000,
      "coef": 0.38
    },
    {
      "label": "5.000<G3<=10.000",
      "min": 5000,
      "max": 10000,
      "coef": 0.35
    },
    {
      "label": "10.000<G3<=20.000",
      "min": 10000,
      "max": 20000,
      "coef": 0.32
    },
    {
      "label": "20.000<G3<=50.000",
      "min": 20000,
      "max": 50000,
      "coef": 0.3
    }
  ]
}